{"stats":{"minecraft:killed":{"minecraft:zombie":2,"minecraft:creeper":2,"minecraft:cow":1},"minecraft:used":{"minecraft:warden_spawn_egg":1,"minecraft:redstone_torch":1,"minecraft:jungle_leaves":3,"minecraft:trident":47,"minecraft:hoglin_spawn_egg":1,"minecraft:firework_rocket":1240,"minecraft:elytra":1,"minecraft:jungle_log":3,"minecraft:piglin_brute_spawn_egg":1,"minecraft:tnt":20,"minecraft:crafting_table":2,"minecraft:piglin_spawn_egg":1,"minecraft:crossbow":9,"minecraft:zoglin_spawn_egg":1},"minecraft:custom":{"minecraft:time_since_rest":1481,"minecraft:sprint_one_cm":12609,"minecraft:damage_taken":120,"minecraft:walk_one_cm":47008,"minecraft:mob_kills":5,"minecraft:drop":9,"minecraft:damage_dealt":645,"minecraft:interact_with_crafting_table":59,"minecraft:fly_one_cm":295210,"minecraft:open_chest":2,"minecraft:crouch_one_cm":520,"minecraft:play_time":39827,"minecraft:deaths":1,"minecraft:sneak_time":641,"minecraft:walk_under_water_one_cm":32523,"minecraft:aviate_one_cm":1622550,"minecraft:jump":135,"minecraft:leave_game":3,"minecraft:time_since_death":1448,"minecraft:walk_on_water_one_cm":4156,"minecraft:total_world_time":39827,"minecraft:climb_one_cm":1109,"minecraft:fall_one_cm":3068},"minecraft:crafted":{"minecraft:firework_star":7,"minecraft:firework_rocket":207},"minecraft:picked_up":{"minecraft:jungle_log":3,"minecraft:trident":1,"minecraft:dirt":32,"minecraft:bone":1,"minecraft:arrow":2,"minecraft:beef":3,"minecraft:redstone_torch":1,"minecraft:oak_sapling":9},"minecraft:dropped":{"minecraft:enchanted_book":1,"minecraft:dirt":32,"minecraft:tnt":1,"minecraft:jungle_log":4,"minecraft:oak_sapling":9,"minecraft:redstone_torch":1,"minecraft:oak_leaves":1}},"DataVersion":3465}