{"stats":{"minecraft:custom":{"minecraft:time_since_rest":10337,"minecraft:open_chest":1,"minecraft:crouch_one_cm":100,"minecraft:sprint_one_cm":7982,"minecraft:play_time":10337,"minecraft:damage_taken":120,"minecraft:walk_one_cm":13652,"minecraft:sneak_time":164,"minecraft:drop":5,"minecraft:jump":81,"minecraft:damage_dealt":10,"minecraft:leave_game":2,"minecraft:time_since_death":10337,"minecraft:climb_one_cm":1038,"minecraft:total_world_time":10337,"minecraft:fall_one_cm":3068,"minecraft:fly_one_cm":44127},"minecraft:dropped":{"minecraft:redstone_torch":1,"minecraft:dirt":32,"minecraft:jungle_log":4},"minecraft:used":{"minecraft:redstone_torch":1,"minecraft:tnt":19,"minecraft:jungle_log":3},"minecraft:picked_up":{"minecraft:jungle_log":3,"minecraft:redstone_torch":1,"minecraft:dirt":32}},"DataVersion":3465}