{"stats":{"minecraft:mined":{"minecraft:grass_block":1,"minecraft:jungle_log":2,"minecraft:oak_leaves":7},"minecraft:custom":{"minecraft:time_since_rest":5909,"minecraft:crouch_one_cm":123,"minecraft:play_time":7449,"minecraft:sprint_one_cm":1911,"minecraft:walk_one_cm":6817,"minecraft:damage_taken":380,"minecraft:deaths":1,"minecraft:sneak_time":67,"minecraft:jump":68,"minecraft:leave_game":1,"minecraft:time_since_death":5874,"minecraft:total_world_time":7449,"minecraft:fall_one_cm":5974,"minecraft:fly_one_cm":6245},"minecraft:used":{"minecraft:redstone_torch":3,"minecraft:dirt":1,"minecraft:tnt":34,"minecraft:jungle_log":1},"minecraft:picked_up":{"minecraft:jungle_log":4,"minecraft:apple":1,"minecraft:dirt":26,"minecraft:cobblestone":16}},"DataVersion":3465}