{"stats":{"minecraft:used":{"minecraft:bow":41,"minecraft:trident":92,"minecraft:dirt":3,"minecraft:firework_rocket":694,"minecraft:anvil":1,"minecraft:elytra":3,"minecraft:netherite_axe":6,"minecraft:splash_potion":5},"minecraft:killed":{"minecraft:skeleton":3,"minecraft:spider":2,"minecraft:zombie":1,"minecraft:piglin_brute":1,"minecraft:zoglin":1,"minecraft:squid":1,"minecraft:cow":1},"minecraft:custom":{"minecraft:deaths":1,"minecraft:time_since_rest":1528,"minecraft:crouch_one_cm":2462,"minecraft:play_time":29253,"minecraft:sprint_one_cm":10101,"minecraft:damage_taken":80,"minecraft:walk_one_cm":43595,"minecraft:mob_kills":11,"minecraft:sneak_time":621,"minecraft:walk_under_water_one_cm":36851,"minecraft:interact_with_anvil":3,"minecraft:drop":8,"minecraft:aviate_one_cm":3568627,"minecraft:jump":211,"minecraft:damage_dealt":1282,"minecraft:leave_game":1,"minecraft:time_since_death":1494,"minecraft:walk_on_water_one_cm":11620,"minecraft:total_world_time":29253,"minecraft:climb_one_cm":3023,"minecraft:interact_with_crafting_table":1,"minecraft:fall_one_cm":994,"minecraft:fly_one_cm":122098},"minecraft:picked_up":{"minecraft:arrow":3,"minecraft:rotten_flesh":3,"minecraft:enchanted_book":1,"minecraft:golden_axe":1,"minecraft:oak_log":3,"minecraft:ink_sac":2,"minecraft:dirt":20},"minecraft:dropped":{"minecraft:dirt":4,"minecraft:trident":1,"minecraft:oak_log":3}},"DataVersion":3465}